feature,family,runtime_status,method_status,execution_status,published_reference_available
PQ_Int_I,PQ_Int,not_available,documented,not_established,false
PQ_Int_I_iqr,PQ_Int,not_available,documented,not_established,false
PQ_Int_I_count,PQ_Int,not_available,documented,not_established,false
PQ_Int_II,PQ_Int,not_available,documented,not_established,false
PQ_Int_II_iqr,PQ_Int,not_available,documented,not_established,false
PQ_Int_II_count,PQ_Int,not_available,documented,not_established,false
PQ_Int_III,PQ_Int,not_available,documented,not_established,false
PQ_Int_III_iqr,PQ_Int,not_available,documented,not_established,false
PQ_Int_III_count,PQ_Int,not_available,documented,not_established,false
PQ_Int_V1,PQ_Int,not_available,documented,not_established,false
PQ_Int_V1_iqr,PQ_Int,not_available,documented,not_established,false
PQ_Int_V1_count,PQ_Int,not_available,documented,not_established,false
PQ_Int_V2,PQ_Int,not_available,documented,not_established,false
PQ_Int_V2_iqr,PQ_Int,not_available,documented,not_established,false
PQ_Int_V2_count,PQ_Int,not_available,documented,not_established,false
PQ_Int_V3,PQ_Int,not_available,documented,not_established,false
PQ_Int_V3_iqr,PQ_Int,not_available,documented,not_established,false
PQ_Int_V3_count,PQ_Int,not_available,documented,not_established,false
PQ_Int_V4,PQ_Int,not_available,documented,not_established,false
PQ_Int_V4_iqr,PQ_Int,not_available,documented,not_established,false
PQ_Int_V4_count,PQ_Int,not_available,documented,not_established,false
PQ_Int_V5,PQ_Int,not_available,documented,not_established,false
PQ_Int_V5_iqr,PQ_Int,not_available,documented,not_established,false
PQ_Int_V5_count,PQ_Int,not_available,documented,not_established,false
PQ_Int_V6,PQ_Int,not_available,documented,not_established,false
PQ_Int_V6_iqr,PQ_Int,not_available,documented,not_established,false
PQ_Int_V6_count,PQ_Int,not_available,documented,not_established,false
PQ_Int_aVF,PQ_Int,not_available,documented,not_established,false
PQ_Int_aVF_iqr,PQ_Int,not_available,documented,not_established,false
PQ_Int_aVF_count,PQ_Int,not_available,documented,not_established,false
PQ_Int_aVL,PQ_Int,not_available,documented,not_established,false
PQ_Int_aVL_iqr,PQ_Int,not_available,documented,not_established,false
PQ_Int_aVL_count,PQ_Int,not_available,documented,not_established,false
PQ_Int_aVR,PQ_Int,not_available,documented,not_established,false
PQ_Int_aVR_iqr,PQ_Int,not_available,documented,not_established,false
PQ_Int_aVR_count,PQ_Int,not_available,documented,not_established,false
PQ_Int_Global,PQ_Int,not_available,documented,not_established,false
PQ_Int_Global_iqr,PQ_Int,not_available,documented,not_established,false
PQ_Int_Global_count,PQ_Int,not_available,documented,not_established,false
PR_Int_I,PR_Int,not_available,documented,not_established,false
PR_Int_I_iqr,PR_Int,not_available,documented,not_established,false
PR_Int_I_count,PR_Int,not_available,documented,not_established,false
PR_Int_II,PR_Int,not_available,documented,not_established,false
PR_Int_II_iqr,PR_Int,not_available,documented,not_established,false
PR_Int_II_count,PR_Int,not_available,documented,not_established,false
PR_Int_III,PR_Int,not_available,documented,not_established,false
PR_Int_III_iqr,PR_Int,not_available,documented,not_established,false
PR_Int_III_count,PR_Int,not_available,documented,not_established,false
PR_Int_V1,PR_Int,not_available,documented,not_established,false
PR_Int_V1_iqr,PR_Int,not_available,documented,not_established,false
PR_Int_V1_count,PR_Int,not_available,documented,not_established,false
PR_Int_V2,PR_Int,not_available,documented,not_established,false
PR_Int_V2_iqr,PR_Int,not_available,documented,not_established,false
PR_Int_V2_count,PR_Int,not_available,documented,not_established,false
PR_Int_V3,PR_Int,not_available,documented,not_established,false
PR_Int_V3_iqr,PR_Int,not_available,documented,not_established,false
PR_Int_V3_count,PR_Int,not_available,documented,not_established,false
PR_Int_V4,PR_Int,not_available,documented,not_established,false
PR_Int_V4_iqr,PR_Int,not_available,documented,not_established,false
PR_Int_V4_count,PR_Int,not_available,documented,not_established,false
PR_Int_V5,PR_Int,not_available,documented,not_established,false
PR_Int_V5_iqr,PR_Int,not_available,documented,not_established,false
PR_Int_V5_count,PR_Int,not_available,documented,not_established,false
PR_Int_V6,PR_Int,not_available,documented,not_established,false
PR_Int_V6_iqr,PR_Int,not_available,documented,not_established,false
PR_Int_V6_count,PR_Int,not_available,documented,not_established,false
PR_Int_aVF,PR_Int,not_available,documented,not_established,false
PR_Int_aVF_iqr,PR_Int,not_available,documented,not_established,false
PR_Int_aVF_count,PR_Int,not_available,documented,not_established,false
PR_Int_aVL,PR_Int,not_available,documented,not_established,false
PR_Int_aVL_iqr,PR_Int,not_available,documented,not_established,false
PR_Int_aVL_count,PR_Int,not_available,documented,not_established,false
PR_Int_aVR,PR_Int,not_available,documented,not_established,false
PR_Int_aVR_iqr,PR_Int,not_available,documented,not_established,false
PR_Int_aVR_count,PR_Int,not_available,documented,not_established,false
PR_Int_Global,PR_Int,not_available,documented,not_established,false
PR_Int_Global_iqr,PR_Int,not_available,documented,not_established,false
PR_Int_Global_count,PR_Int,not_available,documented,not_established,false
P_Amp_I,P_Amp,not_available,documented,not_established,false
P_Amp_I_iqr,P_Amp,not_available,documented,not_established,false
P_Amp_I_count,P_Amp,not_available,documented,not_established,false
P_Amp_II,P_Amp,not_available,documented,not_established,false
P_Amp_II_iqr,P_Amp,not_available,documented,not_established,false
P_Amp_II_count,P_Amp,not_available,documented,not_established,false
P_Amp_III,P_Amp,not_available,documented,not_established,false
P_Amp_III_iqr,P_Amp,not_available,documented,not_established,false
P_Amp_III_count,P_Amp,not_available,documented,not_established,false
P_Amp_V1,P_Amp,not_available,documented,not_established,false
P_Amp_V1_iqr,P_Amp,not_available,documented,not_established,false
P_Amp_V1_count,P_Amp,not_available,documented,not_established,false
P_Amp_V2,P_Amp,not_available,documented,not_established,false
P_Amp_V2_iqr,P_Amp,not_available,documented,not_established,false
P_Amp_V2_count,P_Amp,not_available,documented,not_established,false
P_Amp_V3,P_Amp,not_available,documented,not_established,false
P_Amp_V3_iqr,P_Amp,not_available,documented,not_established,false
P_Amp_V3_count,P_Amp,not_available,documented,not_established,false
P_Amp_V4,P_Amp,not_available,documented,not_established,false
P_Amp_V4_iqr,P_Amp,not_available,documented,not_established,false
P_Amp_V4_count,P_Amp,not_available,documented,not_established,false
P_Amp_V5,P_Amp,not_available,documented,not_established,false
P_Amp_V5_iqr,P_Amp,not_available,documented,not_established,false
P_Amp_V5_count,P_Amp,not_available,documented,not_established,false
P_Amp_V6,P_Amp,not_available,documented,not_established,false
P_Amp_V6_iqr,P_Amp,not_available,documented,not_established,false
P_Amp_V6_count,P_Amp,not_available,documented,not_established,false
P_Amp_aVF,P_Amp,not_available,documented,not_established,false
P_Amp_aVF_iqr,P_Amp,not_available,documented,not_established,false
P_Amp_aVF_count,P_Amp,not_available,documented,not_established,false
P_Amp_aVL,P_Amp,not_available,documented,not_established,false
P_Amp_aVL_iqr,P_Amp,not_available,documented,not_established,false
P_Amp_aVL_count,P_Amp,not_available,documented,not_established,false
P_Amp_aVR,P_Amp,not_available,documented,not_established,false
P_Amp_aVR_iqr,P_Amp,not_available,documented,not_established,false
P_Amp_aVR_count,P_Amp,not_available,documented,not_established,false
P_DurFull_I,P_DurFull,not_available,documented,not_established,false
P_DurFull_I_iqr,P_DurFull,not_available,documented,not_established,false
P_DurFull_I_count,P_DurFull,not_available,documented,not_established,false
P_DurFull_II,P_DurFull,not_available,documented,not_established,false
P_DurFull_II_iqr,P_DurFull,not_available,documented,not_established,false
P_DurFull_II_count,P_DurFull,not_available,documented,not_established,false
P_DurFull_III,P_DurFull,not_available,documented,not_established,false
P_DurFull_III_iqr,P_DurFull,not_available,documented,not_established,false
P_DurFull_III_count,P_DurFull,not_available,documented,not_established,false
P_DurFull_V1,P_DurFull,not_available,documented,not_established,false
P_DurFull_V1_iqr,P_DurFull,not_available,documented,not_established,false
P_DurFull_V1_count,P_DurFull,not_available,documented,not_established,false
P_DurFull_V2,P_DurFull,not_available,documented,not_established,false
P_DurFull_V2_iqr,P_DurFull,not_available,documented,not_established,false
P_DurFull_V2_count,P_DurFull,not_available,documented,not_established,false
P_DurFull_V3,P_DurFull,not_available,documented,not_established,false
P_DurFull_V3_iqr,P_DurFull,not_available,documented,not_established,false
P_DurFull_V3_count,P_DurFull,not_available,documented,not_established,false
P_DurFull_V4,P_DurFull,not_available,documented,not_established,false
P_DurFull_V4_iqr,P_DurFull,not_available,documented,not_established,false
P_DurFull_V4_count,P_DurFull,not_available,documented,not_established,false
P_DurFull_V5,P_DurFull,not_available,documented,not_established,false
P_DurFull_V5_iqr,P_DurFull,not_available,documented,not_established,false
P_DurFull_V5_count,P_DurFull,not_available,documented,not_established,false
P_DurFull_V6,P_DurFull,not_available,documented,not_established,false
P_DurFull_V6_iqr,P_DurFull,not_available,documented,not_established,false
P_DurFull_V6_count,P_DurFull,not_available,documented,not_established,false
P_DurFull_aVF,P_DurFull,not_available,documented,not_established,false
P_DurFull_aVF_iqr,P_DurFull,not_available,documented,not_established,false
P_DurFull_aVF_count,P_DurFull,not_available,documented,not_established,false
P_DurFull_aVL,P_DurFull,not_available,documented,not_established,false
P_DurFull_aVL_iqr,P_DurFull,not_available,documented,not_established,false
P_DurFull_aVL_count,P_DurFull,not_available,documented,not_established,false
P_DurFull_aVR,P_DurFull,not_available,documented,not_established,false
P_DurFull_aVR_iqr,P_DurFull,not_available,documented,not_established,false
P_DurFull_aVR_count,P_DurFull,not_available,documented,not_established,false
P_Dur_Global,P_Dur,not_available,documented,not_established,false
P_Dur_Global_iqr,P_Dur,not_available,documented,not_established,false
P_Dur_Global_count,P_Dur,not_available,documented,not_established,false
P_Morph_I,P_Morph,not_available,identified_not_executed,not_executed,false
P_Morph_I_iqr,P_Morph,not_available,identified_not_executed,not_executed,false
P_Morph_I_count,P_Morph,not_available,identified_not_executed,not_executed,false
P_Morph_II,P_Morph,not_available,identified_not_executed,not_executed,false
P_Morph_II_iqr,P_Morph,not_available,identified_not_executed,not_executed,false
P_Morph_II_count,P_Morph,not_available,identified_not_executed,not_executed,false
P_Morph_III,P_Morph,not_available,identified_not_executed,not_executed,false
P_Morph_III_iqr,P_Morph,not_available,identified_not_executed,not_executed,false
P_Morph_III_count,P_Morph,not_available,identified_not_executed,not_executed,false
P_Morph_V1,P_Morph,not_available,identified_not_executed,not_executed,false
P_Morph_V1_iqr,P_Morph,not_available,identified_not_executed,not_executed,false
P_Morph_V1_count,P_Morph,not_available,identified_not_executed,not_executed,false
P_Morph_V2,P_Morph,not_available,identified_not_executed,not_executed,false
P_Morph_V2_iqr,P_Morph,not_available,identified_not_executed,not_executed,false
P_Morph_V2_count,P_Morph,not_available,identified_not_executed,not_executed,false
P_Morph_V3,P_Morph,not_available,identified_not_executed,not_executed,false
P_Morph_V3_iqr,P_Morph,not_available,identified_not_executed,not_executed,false
P_Morph_V3_count,P_Morph,not_available,identified_not_executed,not_executed,false
P_Morph_V4,P_Morph,not_available,identified_not_executed,not_executed,false
P_Morph_V4_iqr,P_Morph,not_available,identified_not_executed,not_executed,false
P_Morph_V4_count,P_Morph,not_available,identified_not_executed,not_executed,false
P_Morph_V5,P_Morph,not_available,identified_not_executed,not_executed,false
P_Morph_V5_iqr,P_Morph,not_available,identified_not_executed,not_executed,false
P_Morph_V5_count,P_Morph,not_available,identified_not_executed,not_executed,false
P_Morph_V6,P_Morph,not_available,identified_not_executed,not_executed,false
P_Morph_V6_iqr,P_Morph,not_available,identified_not_executed,not_executed,false
P_Morph_V6_count,P_Morph,not_available,identified_not_executed,not_executed,false
P_Morph_aVF,P_Morph,not_available,identified_not_executed,not_executed,false
P_Morph_aVF_iqr,P_Morph,not_available,identified_not_executed,not_executed,false
P_Morph_aVF_count,P_Morph,not_available,identified_not_executed,not_executed,false
P_Morph_aVL,P_Morph,not_available,identified_not_executed,not_executed,false
P_Morph_aVL_iqr,P_Morph,not_available,identified_not_executed,not_executed,false
P_Morph_aVL_count,P_Morph,not_available,identified_not_executed,not_executed,false
P_Morph_aVR,P_Morph,not_available,identified_not_executed,not_executed,false
P_Morph_aVR_iqr,P_Morph,not_available,identified_not_executed,not_executed,false
P_Morph_aVR_count,P_Morph,not_available,identified_not_executed,not_executed,false
Q_Amp_I,Q_Amp,not_available,documented,not_established,false
Q_Amp_I_iqr,Q_Amp,not_available,documented,not_established,false
Q_Amp_I_count,Q_Amp,not_available,documented,not_established,false
Q_Amp_II,Q_Amp,not_available,documented,not_established,false
Q_Amp_II_iqr,Q_Amp,not_available,documented,not_established,false
Q_Amp_II_count,Q_Amp,not_available,documented,not_established,false
Q_Amp_III,Q_Amp,not_available,documented,not_established,false
Q_Amp_III_iqr,Q_Amp,not_available,documented,not_established,false
Q_Amp_III_count,Q_Amp,not_available,documented,not_established,false
Q_Amp_V1,Q_Amp,not_available,documented,not_established,false
Q_Amp_V1_iqr,Q_Amp,not_available,documented,not_established,false
Q_Amp_V1_count,Q_Amp,not_available,documented,not_established,false
Q_Amp_V2,Q_Amp,not_available,documented,not_established,false
Q_Amp_V2_iqr,Q_Amp,not_available,documented,not_established,false
Q_Amp_V2_count,Q_Amp,not_available,documented,not_established,false
Q_Amp_V3,Q_Amp,not_available,documented,not_established,false
Q_Amp_V3_iqr,Q_Amp,not_available,documented,not_established,false
Q_Amp_V3_count,Q_Amp,not_available,documented,not_established,false
Q_Amp_V4,Q_Amp,not_available,documented,not_established,false
Q_Amp_V4_iqr,Q_Amp,not_available,documented,not_established,false
Q_Amp_V4_count,Q_Amp,not_available,documented,not_established,false
Q_Amp_V5,Q_Amp,not_available,documented,not_established,false
Q_Amp_V5_iqr,Q_Amp,not_available,documented,not_established,false
Q_Amp_V5_count,Q_Amp,not_available,documented,not_established,false
Q_Amp_V6,Q_Amp,not_available,documented,not_established,false
Q_Amp_V6_iqr,Q_Amp,not_available,documented,not_established,false
Q_Amp_V6_count,Q_Amp,not_available,documented,not_established,false
Q_Amp_aVF,Q_Amp,not_available,documented,not_established,false
Q_Amp_aVF_iqr,Q_Amp,not_available,documented,not_established,false
Q_Amp_aVF_count,Q_Amp,not_available,documented,not_established,false
Q_Amp_aVL,Q_Amp,not_available,documented,not_established,false
Q_Amp_aVL_iqr,Q_Amp,not_available,documented,not_established,false
Q_Amp_aVL_count,Q_Amp,not_available,documented,not_established,false
Q_Amp_aVR,Q_Amp,not_available,documented,not_established,false
Q_Amp_aVR_iqr,Q_Amp,not_available,documented,not_established,false
Q_Amp_aVR_count,Q_Amp,not_available,documented,not_established,false
QRS_Dur_I,QRS_Dur,not_available,documented,not_established,false
QRS_Dur_I_iqr,QRS_Dur,not_available,documented,not_established,false
QRS_Dur_I_count,QRS_Dur,not_available,documented,not_established,false
QRS_Dur_II,QRS_Dur,not_available,documented,not_established,false
QRS_Dur_II_iqr,QRS_Dur,not_available,documented,not_established,false
QRS_Dur_II_count,QRS_Dur,not_available,documented,not_established,false
QRS_Dur_III,QRS_Dur,not_available,documented,not_established,false
QRS_Dur_III_iqr,QRS_Dur,not_available,documented,not_established,false
QRS_Dur_III_count,QRS_Dur,not_available,documented,not_established,false
QRS_Dur_V1,QRS_Dur,not_available,documented,not_established,false
QRS_Dur_V1_iqr,QRS_Dur,not_available,documented,not_established,false
QRS_Dur_V1_count,QRS_Dur,not_available,documented,not_established,false
QRS_Dur_V2,QRS_Dur,not_available,documented,not_established,false
QRS_Dur_V2_iqr,QRS_Dur,not_available,documented,not_established,false
QRS_Dur_V2_count,QRS_Dur,not_available,documented,not_established,false
QRS_Dur_V3,QRS_Dur,not_available,documented,not_established,false
QRS_Dur_V3_iqr,QRS_Dur,not_available,documented,not_established,false
QRS_Dur_V3_count,QRS_Dur,not_available,documented,not_established,false
QRS_Dur_V4,QRS_Dur,not_available,documented,not_established,false
QRS_Dur_V4_iqr,QRS_Dur,not_available,documented,not_established,false
QRS_Dur_V4_count,QRS_Dur,not_available,documented,not_established,false
QRS_Dur_V5,QRS_Dur,not_available,documented,not_established,false
QRS_Dur_V5_iqr,QRS_Dur,not_available,documented,not_established,false
QRS_Dur_V5_count,QRS_Dur,not_available,documented,not_established,false
QRS_Dur_V6,QRS_Dur,not_available,documented,not_established,false
QRS_Dur_V6_iqr,QRS_Dur,not_available,documented,not_established,false
QRS_Dur_V6_count,QRS_Dur,not_available,documented,not_established,false
QRS_Dur_aVF,QRS_Dur,not_available,documented,not_established,false
QRS_Dur_aVF_iqr,QRS_Dur,not_available,documented,not_established,false
QRS_Dur_aVF_count,QRS_Dur,not_available,documented,not_established,false
QRS_Dur_aVL,QRS_Dur,not_available,documented,not_established,false
QRS_Dur_aVL_iqr,QRS_Dur,not_available,documented,not_established,false
QRS_Dur_aVL_count,QRS_Dur,not_available,documented,not_established,false
QRS_Dur_aVR,QRS_Dur,not_available,documented,not_established,false
QRS_Dur_aVR_iqr,QRS_Dur,not_available,documented,not_established,false
QRS_Dur_aVR_count,QRS_Dur,not_available,documented,not_established,false
QRS_Dur_Global,QRS_Dur,not_available,documented,not_established,false
QRS_Dur_Global_iqr,QRS_Dur,not_available,documented,not_established,false
QRS_Dur_Global_count,QRS_Dur,not_available,documented,not_established,false
QT_IntCorr_I,QT_IntCorr,not_available,documented,not_established,false
QT_IntCorr_I_iqr,QT_IntCorr,not_available,documented,not_established,false
QT_IntCorr_I_count,QT_IntCorr,not_available,documented,not_established,false
QT_IntCorr_II,QT_IntCorr,not_available,documented,not_established,false
QT_IntCorr_II_iqr,QT_IntCorr,not_available,documented,not_established,false
QT_IntCorr_II_count,QT_IntCorr,not_available,documented,not_established,false
QT_IntCorr_III,QT_IntCorr,not_available,documented,not_established,false
QT_IntCorr_III_iqr,QT_IntCorr,not_available,documented,not_established,false
QT_IntCorr_III_count,QT_IntCorr,not_available,documented,not_established,false
QT_IntCorr_V1,QT_IntCorr,not_available,documented,not_established,false
QT_IntCorr_V1_iqr,QT_IntCorr,not_available,documented,not_established,false
QT_IntCorr_V1_count,QT_IntCorr,not_available,documented,not_established,false
QT_IntCorr_V2,QT_IntCorr,not_available,documented,not_established,false
QT_IntCorr_V2_iqr,QT_IntCorr,not_available,documented,not_established,false
QT_IntCorr_V2_count,QT_IntCorr,not_available,documented,not_established,false
QT_IntCorr_V3,QT_IntCorr,not_available,documented,not_established,false
QT_IntCorr_V3_iqr,QT_IntCorr,not_available,documented,not_established,false
QT_IntCorr_V3_count,QT_IntCorr,not_available,documented,not_established,false
QT_IntCorr_V4,QT_IntCorr,not_available,documented,not_established,false
QT_IntCorr_V4_iqr,QT_IntCorr,not_available,documented,not_established,false
QT_IntCorr_V4_count,QT_IntCorr,not_available,documented,not_established,false
QT_IntCorr_V5,QT_IntCorr,not_available,documented,not_established,false
QT_IntCorr_V5_iqr,QT_IntCorr,not_available,documented,not_established,false
QT_IntCorr_V5_count,QT_IntCorr,not_available,documented,not_established,false
QT_IntCorr_V6,QT_IntCorr,not_available,documented,not_established,false
QT_IntCorr_V6_iqr,QT_IntCorr,not_available,documented,not_established,false
QT_IntCorr_V6_count,QT_IntCorr,not_available,documented,not_established,false
QT_IntCorr_aVF,QT_IntCorr,not_available,documented,not_established,false
QT_IntCorr_aVF_iqr,QT_IntCorr,not_available,documented,not_established,false
QT_IntCorr_aVF_count,QT_IntCorr,not_available,documented,not_established,false
QT_IntCorr_aVL,QT_IntCorr,not_available,documented,not_established,false
QT_IntCorr_aVL_iqr,QT_IntCorr,not_available,documented,not_established,false
QT_IntCorr_aVL_count,QT_IntCorr,not_available,documented,not_established,false
QT_IntCorr_aVR,QT_IntCorr,not_available,documented,not_established,false
QT_IntCorr_aVR_iqr,QT_IntCorr,not_available,documented,not_established,false
QT_IntCorr_aVR_count,QT_IntCorr,not_available,documented,not_established,false
QT_IntFramingham_Global,QT_IntFramingham,not_available,documented,not_established,false
QT_IntFramingham_Global_iqr,QT_IntFramingham,not_available,documented,not_established,false
QT_IntFramingham_Global_count,QT_IntFramingham,not_available,documented,not_established,false
QT_Int_I,QT_Int,not_available,documented,not_established,false
QT_Int_I_iqr,QT_Int,not_available,documented,not_established,false
QT_Int_I_count,QT_Int,not_available,documented,not_established,false
QT_Int_II,QT_Int,not_available,documented,not_established,false
QT_Int_II_iqr,QT_Int,not_available,documented,not_established,false
QT_Int_II_count,QT_Int,not_available,documented,not_established,false
QT_Int_III,QT_Int,not_available,documented,not_established,false
QT_Int_III_iqr,QT_Int,not_available,documented,not_established,false
QT_Int_III_count,QT_Int,not_available,documented,not_established,false
QT_Int_V1,QT_Int,not_available,documented,not_established,false
QT_Int_V1_iqr,QT_Int,not_available,documented,not_established,false
QT_Int_V1_count,QT_Int,not_available,documented,not_established,false
QT_Int_V2,QT_Int,not_available,documented,not_established,false
QT_Int_V2_iqr,QT_Int,not_available,documented,not_established,false
QT_Int_V2_count,QT_Int,not_available,documented,not_established,false
QT_Int_V3,QT_Int,not_available,documented,not_established,false
QT_Int_V3_iqr,QT_Int,not_available,documented,not_established,false
QT_Int_V3_count,QT_Int,not_available,documented,not_established,false
QT_Int_V4,QT_Int,not_available,documented,not_established,false
QT_Int_V4_iqr,QT_Int,not_available,documented,not_established,false
QT_Int_V4_count,QT_Int,not_available,documented,not_established,false
QT_Int_V5,QT_Int,not_available,documented,not_established,false
QT_Int_V5_iqr,QT_Int,not_available,documented,not_established,false
QT_Int_V5_count,QT_Int,not_available,documented,not_established,false
QT_Int_V6,QT_Int,not_available,documented,not_established,false
QT_Int_V6_iqr,QT_Int,not_available,documented,not_established,false
QT_Int_V6_count,QT_Int,not_available,documented,not_established,false
QT_Int_aVF,QT_Int,not_available,documented,not_established,false
QT_Int_aVF_iqr,QT_Int,not_available,documented,not_established,false
QT_Int_aVF_count,QT_Int,not_available,documented,not_established,false
QT_Int_aVL,QT_Int,not_available,documented,not_established,false
QT_Int_aVL_iqr,QT_Int,not_available,documented,not_established,false
QT_Int_aVL_count,QT_Int,not_available,documented,not_established,false
QT_Int_aVR,QT_Int,not_available,documented,not_established,false
QT_Int_aVR_iqr,QT_Int,not_available,documented,not_established,false
QT_Int_aVR_count,QT_Int,not_available,documented,not_established,false
QT_Int_Global,QT_Int,not_available,documented,not_established,false
QT_Int_Global_iqr,QT_Int,not_available,documented,not_established,false
QT_Int_Global_count,QT_Int,not_available,documented,not_established,false
R_Amp_I,R_Amp,not_available,documented,not_established,false
R_Amp_I_iqr,R_Amp,not_available,documented,not_established,false
R_Amp_I_count,R_Amp,not_available,documented,not_established,false
R_Amp_II,R_Amp,not_available,documented,not_established,false
R_Amp_II_iqr,R_Amp,not_available,documented,not_established,false
R_Amp_II_count,R_Amp,not_available,documented,not_established,false
R_Amp_III,R_Amp,not_available,documented,not_established,false
R_Amp_III_iqr,R_Amp,not_available,documented,not_established,false
R_Amp_III_count,R_Amp,not_available,documented,not_established,false
R_Amp_V1,R_Amp,not_available,documented,not_established,false
R_Amp_V1_iqr,R_Amp,not_available,documented,not_established,false
R_Amp_V1_count,R_Amp,not_available,documented,not_established,false
R_Amp_V2,R_Amp,not_available,documented,not_established,false
R_Amp_V2_iqr,R_Amp,not_available,documented,not_established,false
R_Amp_V2_count,R_Amp,not_available,documented,not_established,false
R_Amp_V3,R_Amp,not_available,documented,not_established,false
R_Amp_V3_iqr,R_Amp,not_available,documented,not_established,false
R_Amp_V3_count,R_Amp,not_available,documented,not_established,false
R_Amp_V4,R_Amp,not_available,documented,not_established,false
R_Amp_V4_iqr,R_Amp,not_available,documented,not_established,false
R_Amp_V4_count,R_Amp,not_available,documented,not_established,false
R_Amp_V5,R_Amp,not_available,documented,not_established,false
R_Amp_V5_iqr,R_Amp,not_available,documented,not_established,false
R_Amp_V5_count,R_Amp,not_available,documented,not_established,false
R_Amp_V6,R_Amp,not_available,documented,not_established,false
R_Amp_V6_iqr,R_Amp,not_available,documented,not_established,false
R_Amp_V6_count,R_Amp,not_available,documented,not_established,false
R_Amp_aVF,R_Amp,not_available,documented,not_established,false
R_Amp_aVF_iqr,R_Amp,not_available,documented,not_established,false
R_Amp_aVF_count,R_Amp,not_available,documented,not_established,false
R_Amp_aVL,R_Amp,not_available,documented,not_established,false
R_Amp_aVL_iqr,R_Amp,not_available,documented,not_established,false
R_Amp_aVL_count,R_Amp,not_available,documented,not_established,false
R_Amp_aVR,R_Amp,not_available,documented,not_established,false
R_Amp_aVR_iqr,R_Amp,not_available,documented,not_established,false
R_Amp_aVR_count,R_Amp,not_available,documented,not_established,false
RR_Mean_Global,RR_Mean,not_available,documented,not_established,false
RR_Mean_Global_iqr,RR_Mean,not_available,documented,not_established,false
RR_Mean_Global_count,RR_Mean,not_available,documented,not_established,false
S_Amp_I,S_Amp,not_available,documented,not_established,false
S_Amp_I_iqr,S_Amp,not_available,documented,not_established,false
S_Amp_I_count,S_Amp,not_available,documented,not_established,false
S_Amp_II,S_Amp,not_available,documented,not_established,false
S_Amp_II_iqr,S_Amp,not_available,documented,not_established,false
S_Amp_II_count,S_Amp,not_available,documented,not_established,false
S_Amp_III,S_Amp,not_available,documented,not_established,false
S_Amp_III_iqr,S_Amp,not_available,documented,not_established,false
S_Amp_III_count,S_Amp,not_available,documented,not_established,false
S_Amp_V1,S_Amp,not_available,documented,not_established,false
S_Amp_V1_iqr,S_Amp,not_available,documented,not_established,false
S_Amp_V1_count,S_Amp,not_available,documented,not_established,false
S_Amp_V2,S_Amp,not_available,documented,not_established,false
S_Amp_V2_iqr,S_Amp,not_available,documented,not_established,false
S_Amp_V2_count,S_Amp,not_available,documented,not_established,false
S_Amp_V3,S_Amp,not_available,documented,not_established,false
S_Amp_V3_iqr,S_Amp,not_available,documented,not_established,false
S_Amp_V3_count,S_Amp,not_available,documented,not_established,false
S_Amp_V4,S_Amp,not_available,documented,not_established,false
S_Amp_V4_iqr,S_Amp,not_available,documented,not_established,false
S_Amp_V4_count,S_Amp,not_available,documented,not_established,false
S_Amp_V5,S_Amp,not_available,documented,not_established,false
S_Amp_V5_iqr,S_Amp,not_available,documented,not_established,false
S_Amp_V5_count,S_Amp,not_available,documented,not_established,false
S_Amp_V6,S_Amp,not_available,documented,not_established,false
S_Amp_V6_iqr,S_Amp,not_available,documented,not_established,false
S_Amp_V6_count,S_Amp,not_available,documented,not_established,false
S_Amp_aVF,S_Amp,not_available,documented,not_established,false
S_Amp_aVF_iqr,S_Amp,not_available,documented,not_established,false
S_Amp_aVF_count,S_Amp,not_available,documented,not_established,false
S_Amp_aVL,S_Amp,not_available,documented,not_established,false
S_Amp_aVL_iqr,S_Amp,not_available,documented,not_established,false
S_Amp_aVL_count,S_Amp,not_available,documented,not_established,false
S_Amp_aVR,S_Amp,not_available,documented,not_established,false
S_Amp_aVR_iqr,S_Amp,not_available,documented,not_established,false
S_Amp_aVR_count,S_Amp,not_available,documented,not_established,false
ST_Elev_I,ST_Elev,not_available,absent,unknown,false
ST_Elev_I_iqr,ST_Elev,not_available,absent,unknown,false
ST_Elev_I_count,ST_Elev,not_available,absent,unknown,false
ST_Elev_II,ST_Elev,not_available,absent,unknown,false
ST_Elev_II_iqr,ST_Elev,not_available,absent,unknown,false
ST_Elev_II_count,ST_Elev,not_available,absent,unknown,false
ST_Elev_III,ST_Elev,not_available,absent,unknown,false
ST_Elev_III_iqr,ST_Elev,not_available,absent,unknown,false
ST_Elev_III_count,ST_Elev,not_available,absent,unknown,false
ST_Elev_V1,ST_Elev,not_available,absent,unknown,false
ST_Elev_V1_iqr,ST_Elev,not_available,absent,unknown,false
ST_Elev_V1_count,ST_Elev,not_available,absent,unknown,false
ST_Elev_V2,ST_Elev,not_available,absent,unknown,false
ST_Elev_V2_iqr,ST_Elev,not_available,absent,unknown,false
ST_Elev_V2_count,ST_Elev,not_available,absent,unknown,false
ST_Elev_V3,ST_Elev,not_available,absent,unknown,false
ST_Elev_V3_iqr,ST_Elev,not_available,absent,unknown,false
ST_Elev_V3_count,ST_Elev,not_available,absent,unknown,false
ST_Elev_V4,ST_Elev,not_available,absent,unknown,false
ST_Elev_V4_iqr,ST_Elev,not_available,absent,unknown,false
ST_Elev_V4_count,ST_Elev,not_available,absent,unknown,false
ST_Elev_V5,ST_Elev,not_available,absent,unknown,false
ST_Elev_V5_iqr,ST_Elev,not_available,absent,unknown,false
ST_Elev_V5_count,ST_Elev,not_available,absent,unknown,false
ST_Elev_V6,ST_Elev,not_available,absent,unknown,false
ST_Elev_V6_iqr,ST_Elev,not_available,absent,unknown,false
ST_Elev_V6_count,ST_Elev,not_available,absent,unknown,false
ST_Elev_aVF,ST_Elev,not_available,absent,unknown,false
ST_Elev_aVF_iqr,ST_Elev,not_available,absent,unknown,false
ST_Elev_aVF_count,ST_Elev,not_available,absent,unknown,false
ST_Elev_aVL,ST_Elev,not_available,absent,unknown,false
ST_Elev_aVL_iqr,ST_Elev,not_available,absent,unknown,false
ST_Elev_aVL_count,ST_Elev,not_available,absent,unknown,false
ST_Elev_aVR,ST_Elev,not_available,absent,unknown,false
ST_Elev_aVR_iqr,ST_Elev,not_available,absent,unknown,false
ST_Elev_aVR_count,ST_Elev,not_available,absent,unknown,false
T_Amp_I,T_Amp,not_available,documented,not_established,false
T_Amp_I_iqr,T_Amp,not_available,documented,not_established,false
T_Amp_I_count,T_Amp,not_available,documented,not_established,false
T_Amp_II,T_Amp,not_available,documented,not_established,false
T_Amp_II_iqr,T_Amp,not_available,documented,not_established,false
T_Amp_II_count,T_Amp,not_available,documented,not_established,false
T_Amp_III,T_Amp,not_available,documented,not_established,false
T_Amp_III_iqr,T_Amp,not_available,documented,not_established,false
T_Amp_III_count,T_Amp,not_available,documented,not_established,false
T_Amp_V1,T_Amp,not_available,documented,not_established,false
T_Amp_V1_iqr,T_Amp,not_available,documented,not_established,false
T_Amp_V1_count,T_Amp,not_available,documented,not_established,false
T_Amp_V2,T_Amp,not_available,documented,not_established,false
T_Amp_V2_iqr,T_Amp,not_available,documented,not_established,false
T_Amp_V2_count,T_Amp,not_available,documented,not_established,false
T_Amp_V3,T_Amp,not_available,documented,not_established,false
T_Amp_V3_iqr,T_Amp,not_available,documented,not_established,false
T_Amp_V3_count,T_Amp,not_available,documented,not_established,false
T_Amp_V4,T_Amp,not_available,documented,not_established,false
T_Amp_V4_iqr,T_Amp,not_available,documented,not_established,false
T_Amp_V4_count,T_Amp,not_available,documented,not_established,false
T_Amp_V5,T_Amp,not_available,documented,not_established,false
T_Amp_V5_iqr,T_Amp,not_available,documented,not_established,false
T_Amp_V5_count,T_Amp,not_available,documented,not_established,false
T_Amp_V6,T_Amp,not_available,documented,not_established,false
T_Amp_V6_iqr,T_Amp,not_available,documented,not_established,false
T_Amp_V6_count,T_Amp,not_available,documented,not_established,false
T_Amp_aVF,T_Amp,not_available,documented,not_established,false
T_Amp_aVF_iqr,T_Amp,not_available,documented,not_established,false
T_Amp_aVF_count,T_Amp,not_available,documented,not_established,false
T_Amp_aVL,T_Amp,not_available,documented,not_established,false
T_Amp_aVL_iqr,T_Amp,not_available,documented,not_established,false
T_Amp_aVL_count,T_Amp,not_available,documented,not_established,false
T_Amp_aVR,T_Amp,not_available,documented,not_established,false
T_Amp_aVR_iqr,T_Amp,not_available,documented,not_established,false
T_Amp_aVR_count,T_Amp,not_available,documented,not_established,false
T_DurFull_I,T_DurFull,not_available,documented,not_established,false
T_DurFull_I_iqr,T_DurFull,not_available,documented,not_established,false
T_DurFull_I_count,T_DurFull,not_available,documented,not_established,false
T_DurFull_II,T_DurFull,not_available,documented,not_established,false
T_DurFull_II_iqr,T_DurFull,not_available,documented,not_established,false
T_DurFull_II_count,T_DurFull,not_available,documented,not_established,false
T_DurFull_III,T_DurFull,not_available,documented,not_established,false
T_DurFull_III_iqr,T_DurFull,not_available,documented,not_established,false
T_DurFull_III_count,T_DurFull,not_available,documented,not_established,false
T_DurFull_V1,T_DurFull,not_available,documented,not_established,false
T_DurFull_V1_iqr,T_DurFull,not_available,documented,not_established,false
T_DurFull_V1_count,T_DurFull,not_available,documented,not_established,false
T_DurFull_V2,T_DurFull,not_available,documented,not_established,false
T_DurFull_V2_iqr,T_DurFull,not_available,documented,not_established,false
T_DurFull_V2_count,T_DurFull,not_available,documented,not_established,false
T_DurFull_V3,T_DurFull,not_available,documented,not_established,false
T_DurFull_V3_iqr,T_DurFull,not_available,documented,not_established,false
T_DurFull_V3_count,T_DurFull,not_available,documented,not_established,false
T_DurFull_V4,T_DurFull,not_available,documented,not_established,false
T_DurFull_V4_iqr,T_DurFull,not_available,documented,not_established,false
T_DurFull_V4_count,T_DurFull,not_available,documented,not_established,false
T_DurFull_V5,T_DurFull,not_available,documented,not_established,false
T_DurFull_V5_iqr,T_DurFull,not_available,documented,not_established,false
T_DurFull_V5_count,T_DurFull,not_available,documented,not_established,false
T_DurFull_V6,T_DurFull,not_available,documented,not_established,false
T_DurFull_V6_iqr,T_DurFull,not_available,documented,not_established,false
T_DurFull_V6_count,T_DurFull,not_available,documented,not_established,false
T_DurFull_aVF,T_DurFull,not_available,documented,not_established,false
T_DurFull_aVF_iqr,T_DurFull,not_available,documented,not_established,false
T_DurFull_aVF_count,T_DurFull,not_available,documented,not_established,false
T_DurFull_aVL,T_DurFull,not_available,documented,not_established,false
T_DurFull_aVL_iqr,T_DurFull,not_available,documented,not_established,false
T_DurFull_aVL_count,T_DurFull,not_available,documented,not_established,false
T_DurFull_aVR,T_DurFull,not_available,documented,not_established,false
T_DurFull_aVR_iqr,T_DurFull,not_available,documented,not_established,false
T_DurFull_aVR_count,T_DurFull,not_available,documented,not_established,false
T_Dur_Global,T_Dur,not_available,documented,not_established,false
T_Dur_Global_iqr,T_Dur,not_available,documented,not_established,false
T_Dur_Global_count,T_Dur,not_available,documented,not_established,false
HA__Global,HA,not_available,absent,unknown,false
HA__Global_iqr,HA,not_available,absent,unknown,false
HA__Global_count,HA,not_available,absent,unknown,false
